id,username,email,password
550e8400-e29b-41d4-a716-446655440000,user1,user1@example.com,$2b$10$733y5/0j5t9vmk68FbiBR.WnJ.6s.M0uw6xXE1F7sqNrvxkvykKxK
550e8400-e29b-41d4-a716-446655440001,user2,user2@example.com,$2b$10$FMUQdFN1RCrdnc7Nm8jCAO1tkQmFE0b.1d4V5FmfTMKWGhPzyDa6W
550e8400-e29b-41d4-a716-446655440002,user3,user3@example.com,$2b$10$bTPDsORLOzw/p.aCRrDxgOc0oV0mMezK6WVvTKylzL9sIc/U9qnQO
550e8400-e29b-41d4-a716-446655440003,user4,user4@example.com,$2b$10$Fez.1.3RxzQ8L5GcF/aMUeGoEhmUE1zr6m8o1G0lhw.DR4N52KNZe
550e8400-e29b-41d4-a716-446655440004,user5,user5@example.com,$2b$10$P.h5a8zq0byeM6l6QuTM0.FpimelFQ6C5hGGWswECO2nru21QRxg2
550e8400-e29b-41d4-a716-446655440005,user6,user6@example.com,$2b$10$UWW8mjvl4v8HKgJnAhInCuhuoKvw6LhKybWiS7AhJ6rOYBzNBAFB6
550e8400-e29b-41d4-a716-446655440006,user7,user7@example.com,$2b$10$0XL0FyieTn2Q7Kc.nShM5e4/xsfhwbKKZ7xxqbBuH3BP6MnTbJhT6
550e8400-e29b-41d4-a716-446655440007,user8,user8@example.com,$2b$10$TNJJPb4lAhoRYiZbEKtAYeG5QYeSvnAeUCLOkQdSJH8ObWSWDtSaK
550e8400-e29b-41d4-a716-446655440008,user9,user9@example.com,$2b$10$ilo/sYQtYOu2HaSWyjxetuXjqthIoolT4GN.VhC6M021Ru2iMnAV.
550e8400-e29b-41d4-a716-446655440009,user10,user10@example.com,$2b$10$ojlyOox0QyuQ0WZxKApb4.OEAizF6qqplIkfuL1p1zAB0XWNvttBC
550e8400-e29b-41d4-a716-446655440010,user11,user11@example.com,$2b$10$xzyBe8UUzmbUwwz/K33Teu/otl/5SiIQRXS2AFH.d46hi.3O1oJyq
550e8400-e29b-41d4-a716-446655440011,user12,user12@example.com,$2b$10$0j4iOtvOjd6HCBlDJDNWWugeADu84XVQqOzpP852DS2TvJkCQWbXK
550e8400-e29b-41d4-a716-446655440012,user13,user13@example.com,$2b$10$DoEVNv05SM.VMbLK9pPi7.B5MPw.yHTP8UeI8gViPalPagzPrpdpK
550e8400-e29b-41d4-a716-446655440013,user14,user14@example.com,$2b$10$7IO0UGWIN88A1KpTtJZxP.taLKe5eWfj.z1G6GfIcqCsZDJi3p5qO
550e8400-e29b-41d4-a716-446655440014,user15,user15@example.com,$2b$10$VqiWsN3mJb0CGiFIZd9PAe.Rkw47tg/mb63XM.yFaw9ngzmpYDgYC
550e8400-e29b-41d4-a716-446655440015,user16,user16@example.com,$2b$10$zBFDfVEk4/R/qR9CMVZEcODZ.iQXpHVg5YNgt2x2ak5HK6mKBORN.
550e8400-e29b-41d4-a716-446655440016,user17,user17@example.com,$2b$10$J4uz77x1oWR2yXifXVY1X.XEUd/KJYfVaXWrZHmuneSIXujhcrI6e
550e8400-e29b-41d4-a716-446655440017,user18,user18@example.com,$2b$10$aUc4wvIiXWyLCW2D7NN.8eVxgCDI9J/IuMRzfuSrv9BC.2FxjLul2
550e8400-e29b-41d4-a716-446655440018,user19,user19@example.com,$2b$10$xPdZOKtD9.3muW.SP4scBOmlP8LEP1qvLFZyLY6OA.9UnKX.hhZ3S
550e8400-e29b-41d4-a716-446655440019,user20,user20@example.com,$2b$10$YKr6fv4l5WBuIIHtGxvGCuvqKRnsqWQtv8QwnduO9gc.nJI6cXtny
550e8400-e29b-41d4-a716-446655440020,user21,user21@example.com,$2b$10$GozXO8MiyHaIpRhs7XIqmeJjwvKUuhVDp4AeQJqXJCWfdZuRdjhyi
550e8400-e29b-41d4-a716-446655440021,user22,user22@example.com,$2b$10$V6ew.julk5IFzE2jO1tsGOi1m3BxNJbhoNdf.ZG9lMhf5.Za/HJm6
550e8400-e29b-41d4-a716-446655440022,user23,user23@example.com,$2b$10$jCau1cHc/3.GieZfoXMf/uVHwsb.IGJURUeU72A4sOR9PmAecRK8a
550e8400-e29b-41d4-a716-446655440023,user24,user24@example.com,$2b$10$NgJCFV2/TQMlwOBYrX.Pp.8UttztkGKiRD9wyK8SpHnxt84YGsDrW
550e8400-e29b-41d4-a716-446655440024,user25,user25@example.com,$2b$10$GEkyFX0GtLJrqGLoYzOCcuxecLFzEbXBIDFNMPwMTUl7I/dZ2dOZ6
550e8400-e29b-41d4-a716-446655440025,user26,user26@example.com,$2b$10$NDSRRYHWWvLNvofJI.pXBunA/L4p9P6kTTvvz98l9mVnZgKivzbIm
550e8400-e29b-41d4-a716-446655440026,user27,user27@example.com,$2b$10$jdAiFjiYJ3L8mauJRyKRP.xKQ/HHVR9aMDAkODz8GRlEm1nBryvW6
550e8400-e29b-41d4-a716-446655440027,user28,user28@example.com,$2b$10$KWS6Egnyh38Gp/AeamSadeSvoIDDKxcThzy52dwSeE8SO83V1Jjcm
550e8400-e29b-41d4-a716-446655440028,user29,user29@example.com,$2b$10$sCO1q90KSVudFC5zq0cqk.eGZOAnZBP.R8ZTUbpNeLYKBOsPuGEOW
550e8400-e29b-41d4-a716-446655440029,user30,user30@example.com,$2b$10$KhcBbX3Y7wE2w9steVNBVOjPkyfKhWDroQ4AZZV/CFh3TaOFCsQC6